file,title,category,paperurl,other_urls
1998-03-01-nano-threads-runtime.md,Efficient Runtime Thread Management for the Nano-Threads Programming Model,workshops,https://link.springer.com/chapter/10.1007/3-540-64359-1_688,
1998-07-01-kernel-level-nano-threads.md,Kernel-Level Scheduling for the Nano-Threads Programming Model,conferences,https://doi.org/10.1145/277830.277911,
1998-09-01-enhancing-autoscheduling-dsm-multiprocessors.md,Enhancing the performance of autoscheduling in Distributed Shared Memory multiprocessors,conferences,https://doi.org/10.1007/BFb0057892,
1999-01-01-fine-grain-multiprogramming-nanothreading.md,Fine-Grain and Multiprogramming-Conscious Nanothreading with the Solaris Operating System,conferences,,
1999-01-01-nano-threads-programming-model-specification.md,Nano-Threads: Programming Model Specification,techreports,,
1999-01-01-nanos-effective-integration-parallelism.md,NANOS: Effective integration of fine-grain parallelism exploitation and multiprogramming,techreports,https://d1wqtxts1xzle7.cloudfront.net/30609008/10.1.1.24.3922-libre.pdf?1391836507=&response-content-disposition=inline%3B+filename%3DNANOS_Effective_Integration_of_Fine_grai.pdf&Expires=1748451625&Signature=SrVkj8QKZsBSRtRzToOq4ck9XqNn048FGn1fNdrMFbTs596oMIt7MNKQnZsqrhbY57Z03gGgeiDJCtsKL2S9GGbirp4u6sqArYvDWRqir4lXEwWREa1Ow3iSUtKf-ca~1sh~g7lHby6hIS6myzPUdfqwerk8LLcQ0PNve98ymnI02cKXAsLpll8FTV4WF4auvoGsawsZMHguYZT-Dd3nJZtrkzGH71ryvCItIuYJdmyul4ozZIkLZ7bDYxqxE-q-6IL39NKGzhWapA5iNy3VrIcCRwDwzLLvNETbxyCEqxrtwvxRsTrh0z4py2q2Dygv4kW04W5WzuuPaZN~hA8f5A__&Key-Pair-Id=APKAJLOHF5GGSLRBV4ZA,
1999-01-01-system-software-reducing-memory-latency.md,System Software Support for Reducing Memory Latency on Distributed Shared Memory Multiprocessors,conferences,https://www.researchgate.net/profile/Dimitrios-Nikolopoulos-3/publication/2520261_System_Software_Support_for_Reducing_Memory_Latency_on_Distributed_Shared_Memory_Multiprocessors/links/0c960536d40e85ae99000000/System-Software-Support-for-Reducing-Memory-Latency-on-Distributed-Shared-Memory-Multiprocessors.pdf,
1999-06-01-sync-eval-origin2000.md,A Quantitative Architectural Evaluation of Synchronization Algorithms and Disciplines on ccNUMA Systems: The Case of the SGI Origin2000,conferences,https://doi.org/10.1145/305138.305209,
1999-08-01-kernel-nano-threads.md,An Efficient Kernel-Level Scheduling Methodology for Multiprogrammed Shared Memory Multiprocessors,conferences,,
2000-05-01-fast-synchronization-hybrid-primitives.md,Fast synchronization on scalable cache-coherent multiprocessors using hybrid primitives,conferences,https://doi.org/10.1109/IPDPS.2000.846056,
2000-05-01-leveraging-transparent-data-distribution-openmp.md,Leveraging Transparent Data Distribution in OpenMP via User-Level Dynamic Page Migration,conferences,https://doi.org/10.1007/3-540-39999-2_40,
2000-05-01-user-level-page-migration.md,A Case for User-Level Dynamic Page Migration,conferences,https://doi.org/10.1145/335231.335243,
2000-06-01-efficient-dynamic-parallelism-openmp.md,Efficient Dynamic Parallelism with OpenMP on Linux SMPs,conferences,,
2000-06-01-nanos-cpu-manager.md,A Tool to Schedule Parallel Applications on Multiprocessors: The NANOS CPU Manager,workshops,https://doi.org/10.1007/3-540-39997-6_7,
2000-06-01-runtime-data-distribution-openmp.md,A Transparent Runtime Data Distribution Engine for OpenMP,manuscripts,https://onlinelibrary.wiley.com/doi/abs/10.1155/2000/417570,https://doi.org/10.1155/2000/417570
2000-08-01-page-migration-smp.md,User-Level Dynamic Page Migration for Multiprogrammed Shared-Memory Multiprocessors,conferences,https://doi.org/10.1109/ICPP.2000.876083,
2000-10-01-upmlib-memory-performance.md,UPMLIB: A Runtime System for Tuning the Memory Performance of OpenMP Programs on Scalable Shared-Memory Multiprocessors,workshops,https://doi.org/10.1007/3-540-40889-4_7,
2000-11-01-openmp-data-distribution.md,Is Data Distribution Necessary in OpenMP?,conferences,https://doi.org/10.1109/SC.2000.10025,
2001-01-01-iccs-interruptlets-java.md,Improving Java Server Performance with Interruptlets,conferences,https://doi.org/10.1007/3-540-45545-0_31,
2001-06-01-shared-memory-data-distribution.md,The Trade-Off Between Implicit and Explicit Data Distribution in Shared-Memory Programming Paradigms,conferences,https://doi.org/10.1145/377792.377801,
2001-06-01-study-implicit-data-distribution-openmp.md,A Study of Implicit Data Distribution Methods for OpenMP Using the SPEC Benchmarks,workshops,https://doi.org/10.1007/3-540-44587-0_11,
2001-06-01-synchronization-ccnuma.md,The Architectural and Operating System Implications on the Performance of Synchronization on ccNUMA Multiprocessors,manuscripts,https://doi.org/10.1023/A:1011168003859,
2001-08-01-scheduling-synchronizing-threads.md,Informing Algorithms for Efficient Scheduling of Synchronizing Threads on Multiprogrammed SMPs,conferences,https://doi.org/10.1109/ICPP.2001.952054,
2001-08-01-transparent-operating-system-infrastructure-adaptability.md,A Transparent Operating System Infrastructure for Embedding Adaptability to Thread-Based Programming Models,conferences,https://doi.org/10.1007/3-540-44681-8_75,
2001-11-01-machine-descriptors-parallelization-models.md,Using machine descriptors to select parallelization models and strategies on hierarchical systems,posters,https://core.ac.uk/download/pdf/10082841.pdf,
2001-11-01-scaling-irregular-openmp.md,Scaling Irregular Parallel Codes with Minimal Programming Effort,conferences,https://doi.org/10.1145/582034.582050,
2001-12-01-openmp-schedule-reuse.md,Exploiting Memory Affinity in OpenMP through Schedule Reuse,manuscripts,https://doi.org/10.1145/563647.563657,
2002-04-01-quantifying-resolving-remote-memory-access.md,Quantifying and resolving remote memory access contention on hardware DSM multiprocessors,conferences,https://doi.org/10.1109/IPDPS.2002.1015503,
2002-04-15-adaptive-scheduling-memory-pressure-smps.md,Adaptive scheduling under memory pressure on multiprogrammed SMPs,conferences,https://doi.org/10.1109/IPDPS.2002.1015481,
2002-04-15-effective-cross-platform-parallelism.md,"Effective cross-platform, multilevel parallelism via dynamic adaptive execution",workshops,https://doi.org/10.1109/IPDPS.2002.1016495,
2002-05-01-adaptive-scheduling-clusters.md,Adaptive Scheduling under Memory Pressure on Multiprogrammed Clusters,conferences,https://doi.org/10.1109/CCGRID.2002.1017108,
2002-06-01-scheduler-activated-page-migration.md,Scheduler-Activated Dynamic Page Migration for Multiprogrammed DSM Multiprocessors,manuscripts,https://doi.org/10.1006/jpdc.2001.1817,
2002-08-01-runtime-vs-manual-data-distribution.md,Runtime vs. Manual Data Distribution for Architecture-Agnostic Shared-Memory Programming Models,manuscripts,https://doi.org/10.1023/A:1019899812171,
2003-01-01-scaling-non-regular-shared-memory-codes.md,Scaling Non-Regular Shared-Memory Codes by Reusing Custom Loop Schedules,manuscripts,https://doi.org/10.1155/2003/379739,
2003-04-22-malleable-memory-mapping-user-level.md,Malleable memory mapping: user-level control of memory bounds for effective program adaptation,conferences,https://doi.org/10.1109/IPDPS.2003.1213074,
2003-06-01-adaptive-scheduling-farms.md,Adaptive Scheduling Under Memory Constraints on Non-Dedicated Computational Farms,manuscripts,https://doi.org/10.1016/S0167-739X(03)00031-1,https://doi.org/10.1016/S0167-739X(03
2003-07-01-shared-cache-smt.md,Code and Data Transformations for Improving Shared Cache Performance on SMT Processors,conferences,https://doi.org/10.1007/978-3-540-39707-6_5,
2003-09-01-quantifying-contention-balancing-memory-load.md,Quantifying contention and balancing memory load on hardware DSM multiprocessors,manuscripts,https://doi.org/10.1016/S0743-7315(03)00105-9,https://doi.org/10.1016/S0743-7315(03
2003-10-01-bus-aware-scheduling.md,Scheduling Algorithms with Bus Bandwidth Considerations for SMPs,conferences,https://doi.org/10.1109/ICPP.2003.1240622,
2004-01-01-dynamic-tiling-smt-caches.md,Dynamic Tiling for Effective Use of Shared Caches on Multithreaded Processors,manuscripts,https://www.inderscienceonline.com/doi/abs/10.1504/IJHPCN.2004.009265,https://doi.org/10.1504/IJHPCN.2004.009265
2004-01-01-imr-smt-meshgeneration.md,Exploiting Simultaneous Multithreading for Parallel Mesh Generation: A Multigrain Approach on Deep Multiprocessors,conferences,,
2004-04-01-memory-pressure-cows.md,Adapting to Memory Pressure from Within Scientific Applications on Multiprogrammed COWs,conferences,https://doi.org/10.1109/IPDPS.2004.1303002,
2004-10-01-precomputation-tlp-smts.md,Runtime Support for Integrating Precomputation and Thread-Level Parallelism on Simultaneous Multithreaded Processors,workshops,https://doi.org/10.1145/1066650.1066667,
2005-01-01-bus-aware-bookchapter.md,Scheduling Algorithms with Bus Bandwidth Considerations for SMPs,bookchapters,https://doi.org/10.1002/0471732710.ch16,
2005-01-01-power-aware-resource-allocation.md,Power-aware Resource Allocation via Online Simulation with Multiple-queue Backfilling,workshops,https://www.researchgate.net/profile/Dimitrios-Nikolopoulos-3/publication/250865968_Power-aware_Resource_Allocation_via_Online_Simulation_with_Multiple-queue_Backfilling/links/54f8f4350cf28d6deca2d371/Power-aware-Resource-Allocation-via-Online-Simulation-with-Multiple-queue-Backfilling.pdf,
2005-04-01-thread-pairing-hybrid.md,Scheduling Algorithms for Effective Thread Pairing on Hybrid Multiprocessors,conferences,https://doi.org/10.1109/IPDPS.2005.390,
2005-06-01-delaunay-mesh-generation.md,Multigrain Parallel Delaunay Mesh Generation: Challenges and Opportunities for Multithreaded Architectures,conferences,https://doi.org/10.1145/1088149.1088198,
2005-06-01-parallel-delaunay-mesh-generation.md,2-D Parallel Constrained Delaunay Mesh Generation: A Multigrain Approach on Deep Multiprocessors,workshops,https://pureadmin.qub.ac.uk/ws/files/3415998/pmua.pdf,
2005-08-01-smt-sprints-software-precomputation-intelligent.md,smt-SPRINTS: Software Precomputation with Intelligent Streaming for Resource-Constrained SMTs,conferences,https://doi.org/10.1007/11549468_78,
2005-09-01-factory-object-oriented-parallel-programming.md,Factory: An Object-Oriented Parallel Programming Substrate for Deep Multiprocessors,conferences,https://doi.org/10.1007/11557654_28,
2005-09-01-multithreaded-execution-smt.md,Integrating Multiple Forms of Multithreaded Execution on Multi-SMT Systems: A Study with Scientific Applications,conferences,https://doi.org/10.1109/QEST.2005.16,
2005-12-01-scheduling-memory-bandwidth.md,Realistic Workload Scheduling Policies for Taming the Memory Bandwidth Bottleneck of SMPs,conferences,https://doi.org/10.1007/978-3-540-30474-6_33,
2006-01-01-designing-effective-memory-allocators.md,Designing effective memory allocators for multicore and multithreaded systems: A case study with irregular and adaptive applications,techreports,,
2006-01-01-exploring-programming-models-cell-raxml.md,Exploring Programming Models and Optimizations for the Cell Broadband Engine using RAxML,invited,,
2006-04-01-facing-challenges-multicore-processor-technologies.md,Facing the challenges of multicore processor technologies using autonomic system software,keynotes,https://doi.org/10.1109/IPDPS.2006.1639604,
2006-04-01-mesa-cache-conflict-reduction.md,MESA: Reducing Cache Conflicts by Integrating Static and Run-Time Methods,conferences,https://doi.org/10.1109/ISPASS.2006.1620803,
2006-04-01-online-strategies-power-aware.md,Online Strategies for High-Performance Power-Aware Thread Execution on Emerging Multiprocessors,workshops,https://doi.org/10.1109/IPDPS.2006.1639598,
2006-05-15-design-online-predictors-autonomic-power.md,On the design of online predictors for autonomic power-performance adaptation of multithreaded programs,manuscripts,,
2006-06-01-power-performance-multithreading.md,Online Power-Performance Adaptation of Multithreaded Programs Using Hardware Event-Based Prediction,conferences,https://doi.org/10.1145/1183401.1183426,
2006-06-01-runtime-support-memory-adaptation-scientific.md,Runtime Support for Memory Adaptation in Scientific Applications via Local Disk and Remote Memory,conferences,https://doi.org/10.1109/HPDC.2006.1652149,
2006-06-01-scalable-memory-allocation.md,Scalable Locality-Conscious Multithreaded Memory Allocation,conferences,https://doi.org/10.1145/1133956.1133968,
2006-09-01-pacman-performance-counters-manager.md,PACMAN: A PerformAnce Counters MANager for Intel Hyperthreaded Processors,conferences,https://doi.org/10.1109/QEST.2006.41,
2006-12-01-dynamic-program-stirring-multiple-cores.md,"Dynamic Program Stirring on Multiple Cores: How Hardware Performance Monitors Can Help Regulate Performance, Power, and Temperature Simultaneously",workshops,,
2007-01-01-achieving-multiprogramming-scalability-nanothreading.md,Achieving Multiprogramming Scalability of Parallel Programs on Intel SMP Platforms: Nanothreading in the Linux Kernel,conferences,https://doi.org/10.1142/9781848160170_0074,
2007-01-01-multigrain-parallelism-techreport.md,Modeling Multigrain Parallelism on Heterogeneous Multi-core Processors,techreports,,
2007-01-01-synthesizing-parallel-programming-models.md,Synthesizing Parallel Programming Models for Asymmetric Multi-core Systems,workshops,https://citeseerx.ist.psu.edu/document?repid=rep1&type=pdf&doi=5bb442be0ce5548b907e0221df4dec49df72b545,
2007-03-01-comparison-online-offline-strategies.md,A comparison of online and offline strategies for program adaptation,conferences,https://doi.org/10.1145/1233341.1233371,
2007-03-01-dynamic-multigrain-cell.md,Dynamic Multigrain Parallelization on the Cell Broadband Engine,conferences,https://doi.org/10.1145/1229428.1229445,
2007-03-01-raxml-cell.md,RAxML-Cell: Parallel Phylogenetic Tree Inference on the Cell Broadband Engine,conferences,https://doi.org/10.1109/IPDPS.2007.370267,
2007-06-01-application-specific-customization-vt-asos.md,Application-specific customization on many-core platforms: the VT-ASOS framework,workshops,,
2007-06-01-runtime-programming-support-memory-adaptation.md,Runtime and Programming Support for Memory Adaptation in Scientific Applications via Local Disk and Remote Memory,manuscripts,https://doi.org/10.1007/s10723-007-9075-7,
2007-09-01-asymmetric-multicore-systems.md,System Software Challenges and Opportunities on Asymmetric Multi-core Processors,invited,,
2007-09-01-energy-efficient-concurrency-ml.md,Identifying Energy-Efficient Concurrency Levels Using Machine Learning,workshops,https://doi.org/10.1109/CLUSTR.2007.4629274,
2007-09-01-experience-memory-allocators-parallel-mesh.md,Experience with memory allocators for parallel mesh generation on multicore architectures,conferences,,
2007-09-01-raxml-ibm-cell.md,Exploring New Search Algorithms and Hardware for Phylogenetics: RAxML Meets the IBM Cell,manuscripts,https://doi.org/10.1007/s11265-007-0067-4,
2007-10-01-runtime-scheduling-accelerator.md,Runtime Scheduling of Dynamic Parallelism on Accelerator-Based Multi-Core Systems,manuscripts,https://doi.org/10.1016/j.parco.2007.09.004,
2008-01-01-dma-prefetch-cell.md,DMA-Based Prefetching for I/O-Intensive Workloads on the Cell Architecture,conferences,https://doi.org/10.1145/1366230.1366236,
2008-01-01-melisses-techreport.md,COMPUTER SCIENCE RESEARCH MELISSES: Liquid Services for Scalable Multithreaded and Multicore Execution on Emerging Supercomputers,techreports,,
2008-01-01-modeling-multigrain-parallelism-cell.md,Modeling Multigrain Parallelism on Heterogeneous Multi-core Processors: A Case Study of the Cell BE,conferences,https://doi.org/10.1007/978-3-540-77560-7_4,
2008-01-01-set-top-supercomputing-game-consoles.md,Set-top supercomputing: scalable software for scientific simulations on game consoles,invited,https://ercim-news.ercim.eu/en74/special/set-top-supercomputing-scalable-software-for-scientific-simulations-on-game-consoles,
2008-02-01-supporting-io-intensive-workloads-cell.md,Supporting I/O-Intensive Workloads on the Cell Architecture,conferences,https://www.usenix.org/legacy/events/fast08/wips_posters/rafique-poster.pdf,
2008-04-01-vt-asos-holistic-system-software.md,VT-ASOS: Holistic system software customization for many cores,workshops,https://doi.org/10.1109/IPDPS.2008.4536390,
2008-05-01-cellswat-wavefront-cell.md,Cell-SWat: Modeling and Scheduling Wavefront Computations on the Cell Broadband Engine,conferences,https://doi.org/10.1145/1366230.1366235,
2008-05-01-scheduling-asymmetric-parallelism-playstation3.md,Scheduling Asymmetric Parallelism on a PlayStation3 Cluster,conferences,https://doi.org/10.1109/CCGRID.2008.64,
2008-06-01-evaluation-openmp-multicore.md,An Evaluation of OpenMP on Current and Emerging Multithreaded/Multicore Processors,workshops,https://doi.org/10.1007/978-3-540-68555-5_11,
2008-07-01-hardware-support-explicit-communication.md,Hardware Support for Explicit Communication in Scalable CMPs,techreports,,
2008-10-01-power-performance-scientific-codes.md,Prediction-Based Power-Performance Adaptation of Multithreaded Scientific Codes,manuscripts,https://doi.org/10.1109/TPDS.2007.70804,
2008-10-25-power-performance-prediction.md,Prediction Models for Multi-Dimensional Power-Performance Optimization on Many Cores,conferences,https://doi.org/10.1145/1454115.1454151,
2009-01-01-fast2009-accelerator-poster.md,Supporting Data-Intensive Applications on Accelerator-Based Distributed Systems,posters,,
2009-02-01-programming-models-emm.md,A Comparison of Programming Models for Multiprocessors with Explicitly Managed Memory Hierarchies,conferences,https://doi.org/10.1145/1504176.1504197,
2009-04-01-mapreduce-asymmetric-clusters.md,Supporting MapReduce on Large-Scale Asymmetric Multi-Core Clusters,manuscripts,https://doi.org/10.1145/1531793.1531800,
2009-04-01-programming-models-emm-journal.md,A Comparison of Programming Models for Multiprocessors with Explicitly Managed Memory Hierarchies,manuscripts,https://doi.org/10.1145/1594835.1504197,
2009-05-01-cellmr-mapreduce.md,CellMR: A Framework for Supporting MapReduce on Asymmetric Cell-Based Clusters,conferences,https://doi.org/10.1109/IPDPS.2009.5161062,
2009-05-01-scicomp-cellbe-scheduling.md,Scheduling Dynamic Parallelism on the Cell BE,conferences,,
2009-05-18-scheduling-dynamic-parallelism-accelerators.md,Scheduling dynamic parallelism on accelerators,conferences,https://doi.org/10.1145/1531743.1531769,
2009-07-01-delaunay-mesh-jpdc.md,A Multigrain Delaunay Mesh Generation Method for Multicore SMT-Based Architectures,manuscripts,https://doi.org/10.1016/j.jpdc.2009.03.009,
2009-07-01-delaunay-smt-optimization.md,"Algorithm, Software, and Hardware Optimizations for Delaunay Mesh Generation on Simultaneous Multithreaded Architectures",manuscripts,https://doi.org/10.1016/j.jpdc.2009.03.005,
2009-09-01-runtime-framework-multidimensional-arrays.md,A Runtime Framework for Optimizing Multi-Dimensional Array Accesses on Multi-core Processors,techreports,,
2009-10-01-green-building-blocks.md,Green Building Blocks - Software Stacks for Energy-Efficient Clusters and Data Centres,invited,https://ercim-news.ercim.eu/en79/special/green-building-blocks,
2009-11-01-sc2009-hybrid-power-poster.md,Model-Based Hybrid MPI/OpenMP Power-Aware Computing,posters,,
2009-12-01-economist-processors-cooperation.md,Processors: The Challenge of Cooperation,magazines,,
2009-12-01-explicit-memory-multiprocessors.md,Programming Multiprocessors with Explicitly Managed Memory Hierarchies,manuscripts,https://doi.org/10.1109/MC.2009.407,
2009-12-21-cluster2009-welcome.md,Proceedings of the Parallel Programming wtih Accelerators Workshop,volumes,https://doi.org/10.1109/CLUSTR.2009.5289209,
2010-01-01-parallelization-h264-cell-be.md,Parallelization and Performance of an H.264 Video Encoder on the Cell BE,techreports,https://pureadmin.qub.ac.uk/ws/files/3630536/acaces09.pdf,
2010-01-01-scoop-source-level-compiler-optimizations.md,SCOOP: Source-level COmpiler Optimizations for Parallelism,techreports,,
2010-01-01-tpc-cell-runtime.md,Tagged Procedure Calls (TPC): Efficient Runtime Support for Task-Based Parallelism on the Cell Processor,conferences,https://doi.org/10.1007/978-3-642-11515-8_23,
2010-03-01-scalability-productivity-parallel-models.md,Scalability and Productivity of Parallel Programming Models for Heterogeneous–ISA Multi-Core Architectures with Local Memories,techreports,https://people.ac.upc.edu/vbeltran/papers/MICRO10.pdf,
2010-04-01-hybrid-mpi-openmp-power.md,Hybrid MPI/OpenMP Power-Aware Computing,conferences,https://doi.org/10.1109/IPDPS.2010.5470463,
2010-04-01-power-aware-mpi-aggregation.md,Power-Aware MPI Task Aggregation Prediction for High-End Computing Systems,conferences,https://doi.org/10.1109/IPDPS.2010.5470464,
2010-05-01-accelerator-distributed-systems.md,Designing Accelerator-Based Distributed Systems for High Performance,conferences,https://doi.org/10.1109/CCGRID.2010.109,
2010-05-01-cache-integrated-ni.md,On-chip Communication and Synchronization Mechanisms with Cache-Integrated Network Interfaces,conferences,https://doi.org/10.1145/1787275.1787328,
2010-07-01-streaming-aggregation-parallel.md,Evaluation of Streaming Aggregation on Parallel Hardware Architectures,conferences,https://doi.org/10.1145/1827418.1827467,
2010-08-01-mapreduce-heterogeneous-multicores.md,Rearchitecting MapReduce for Heterogeneous Multicore Processors with Explicitly Managed Memories,conferences,https://doi.org/10.1109/ICPP.2010.21,
2010-08-01-scalability-smp-cmp.md,Comparing Scalability Prediction Strategies on an SMP of CMPs,conferences,https://doi.org/10.1007/978-3-642-15277-1_14,
2010-09-01-explicit-comm-sarc.md,Explicit Communication and Synchronization in SARC,manuscripts,https://doi.org/10.1109/MM.2010.77,
2010-09-01-parallel-models-heterogeneous.md,Parallel Programming Models for Heterogeneous Multicore Architectures,manuscripts,https://doi.org/10.1109/MM.2010.94,
2010-11-01-strider-runtime-support-strided-data.md,Strider: Runtime Support for Optimizing Strided Data Accesses on Multi-Cores with Explicitly Managed Memories,conferences,https://doi.org/10.1109/SC.2010.52,
2010-12-02-cluster2010-foreword.md,Proceedings of the 2010 IEEE International Conference on Cluster Computing,volumes,https://doi.org/10.1109/CLUSTER.2010.5,
2011-01-01-cluster-ppac-workshop.md,PPAC 2011 Workshop Proceedings,volumes,https://doi.org/10.1109/CLUSTER.2011.87,
2011-01-10-multiprog-memory-keynote.md,To Program or Not To Program the Memory Hierarchy?,keynotes,,
2011-02-01-capabilities-aware-accelerators.md,A Capabilities-Aware Framework for Using Computational Accelerators in Data-Intensive Computing,manuscripts,https://doi.org/10.1016/j.jpdc.2010.09.004,
2011-03-01-fine-grain-openmp-runtime-support.md,Fine-grain OpenMP runtime support with explicit communication hardware primitives,conferences,https://doi.org/10.1109/DATE.2011.5763299,
2011-04-01-cgo-task-parallelism-poster.md,C Source Level Transformations & Optimizations for Task-Based Parallelism,posters,,
2011-05-01-task-based-parallel-programming.md,Parallel Programming of General-Purpose Programs Using Task-Based Programming Models,workshops,https://www.usenix.org/legacy/events/hotpar11/tech/final_files/Vandierendonck.pdf,
2011-05-03-scalable-memory-registration-helper-threads.md,Scalable memory registration for high performance networks using helper threads,conferences,https://doi.org/10.1145/2016604.2016652,
2011-06-01-deterministic-task-parallelism.md,A Programming Model for Deterministic Task Parallelism,workshops,https://doi.org/10.1145/1988915.1988918,
2011-07-01-mapreduce-single-chip-cloud-architecture.md,MapReduce for the Single-Chip-Cloud Architecture,posters,https://tpapagian.github.io/files/acaces11.pdf,
2011-07-01-scalable-runtime-support-data-intensive.md,Scalable Runtime Support for Data-Intensive Applications on the Single-Chip Cloud Computer,conferences,https://tpapagian.github.io/files/paper_marc.pdf,
2011-07-18-task-based-h264-encoding.md,Task-Based Parallel H.264 Video Encoding for Explicit Communication Architectures,conferences,https://doi.org/10.1109/SAMOS.2011.6045464,
2011-09-01-unified-scheduler-task-dataflow.md,A Unified Scheduler for Recursive and Task Dataflow Parallelism,conferences,https://doi.org/10.1109/PACT.2011.7,
2011-09-15-eurompi-edited-volume.md,Recent Advances in the Message Passing Interface,volumes,https://doi.org/10.1007/978-3-642-24449-0,
2012-02-01-bddt-task-parallelism-conference.md,BDDT: Block-Level Dynamic Dependence Analysis for Deterministic Task-Based Parallelism,conferences,https://doi.org/10.1145/2145816.2145864,
2012-05-01-formic-manycore-prototyping.md,Formic: Cost-Efficient and Scalable Prototyping of Manycore Architectures,conferences,https://doi.org/10.1109/FCCM.2012.20,
2012-06-01-dynamic-binary-rewriting-migration-summary.md,"Dynamic binary rewriting and migration for shared-ISA asymmetric, multicore processors: summary",conferences,https://doi.org/10.1145/2287076.2287096,
2012-06-01-epc-power-instrumentation-controller.md,EPC: a power instrumentation controller for embedded applications,manuscripts,https://doi.org/10.1145/2318836.2318841,
2012-06-01-myrmics-allocator.md,"The Myrmics Memory Allocator: Hierarchical, Message-Passing Allocation for Global Address Spaces",manuscripts,https://doi.org/10.1145/2426642.2259001,
2012-08-01-bddt-task-parallelism-journal.md,BDDT: Block-Level Dynamic Dependence Analysis for Deterministic Task-Based Parallelism,manuscripts,https://doi.org/10.1145/2370036.2145864,
2012-08-31-europar-gpu-accelerators.md,Topic 16: GPU and Accelerators Computing,volumes,https://doi.org/10.1007/978-3-642-32820-6_84,
2012-09-01-deterministic-task-parallelism.md,Inference and Declaration of Independence: Impact on Deterministic Task Parallelism,conferences,https://doi.org/10.1145/2370816.2370892,
2012-09-01-numa-thread-placement.md,Critical Path-Based Thread Placement for NUMA Systems,manuscripts,https://doi.org/10.1145/2381056.2381079,
2012-10-01-btl-memory-energy.md,BTL: A Framework for Measuring and Modeling Energy in Memory Hierarchies,conferences,https://doi.org/10.1109/SBAC-PAD.2012.38,
2012-10-01-gpu-distributed-raid.md,On the Use of GPUs in Realizing Cost-Effective Distributed RAID,conferences,https://doi.org/10.1109/MASCOTS.2012.59,
2012-11-01-numa-model-based-optimization.md,"Model-based, Memory-centric Performance and Power Optimization on NUMA Multiprocessors",conferences,https://doi.org/10.1109/IISWC.2012.6402921,
2012-12-01-cache-integrated-network-interfaces-cmps.md,Cache-Integrated Network Interfaces: Flexible On-Chip Communication and Synchronization for Large-Scale CMPs,manuscripts,https://doi.org/10.1007/s10766-011-0173-6,
2013-01-01-energy-efficient-resource-management.md,Strategies for Energy-Efficient Resource Management of Hybrid Programming Models,manuscripts,https://doi.org/10.1109/TPDS.2012.95,
2013-01-01-europar-support-tools.md,Topic 1: Support Tools and Environments,volumes,,
2013-01-01-overcoming-scalability-challenges-contagion-simulations.md,Overcoming the scalability challenges of contagion simulations on Blue Waters,techreports,,
2013-02-01-fast-dynamic-binary-rewriting-cosmic.md,Fast dynamic binary rewriting to support thread migration in shared-ISA asymmetric multicores,workshops,https://doi.org/10.1145/2446920.2446924,
2013-02-27-parallel-programming-encyclopedia.md,Parallel Programming,bookchapters,,
2013-03-01-modeling-algorithms-scalable-energy-efficient.md,Modeling and Algorithms for Scalable and Energy Efficient Execution on Multicore Systems,bookchapters,,
2013-03-01-parallel-energy-pdp.md,Connecting the Dots between Parallel Programming and Energy,keynotes,https://pure.qub.ac.uk/en/publications/connecting-the-dots-between-parallel-programming-and-energy,
2013-06-01-task-lifetime-prefetching.md,Prefetching and Cache Management Using Task Lifetimes,conferences,https://doi.org/10.1145/2464996.2465443,
2013-09-01-bddt-task-parallelism-springer.md,BDDT: Block-Level Dynamic Dependence Analysis for Task-Based Parallelism,conferences,https://doi.org/10.1007/978-3-642-45293-2_2,
2013-09-01-drasync-distributed-memory-allocation.md,DRASync: distributed region-based memory allocation and synchronization,conferences,https://doi.org/10.1145/2488551.2488558,
2013-09-01-programming-energy-efficiency-hpc-systems.md,Programming the Energy Efficiency of High Performance Computing Systems,keynotes,https://pureadmin.qub.ac.uk/ws/portalfiles/portal/11115864/enahpc_keynote.pdf,
2013-11-01-hyperqueues-pipeline-parallelism.md,Deterministic Scale-Free Pipeline Parallelism with Hyperqueues,conferences,https://doi.org/10.1145/2503210.2503233,
2013-12-01-dependence-tracking-task-dataflow.md,Analysis of Dependence Tracking Algorithms for Task Dataflow Execution,manuscripts,https://doi.org/10.1145/2541228.2555316,
2014-01-01-ccgrid-message.md,"Proceedings of the 14th IEEE/ACM International Symposium on Cluster, Cloud and Internet Computing (CCGrid)",volumes,https://doi.org/10.1109/CCGrid.2014.5,
2014-04-01-nanostreams-hipeac.md,NanoStreams: A Hardware and Software Stack for Real-Time Analytics on Fast Data Streams,magazines,https://pure.qub.ac.uk/en/publications/nanostreams-a-hardware-and-software-stack-for-real-time-analytics,
2014-05-01-epidemic-scalability-bluewaters.md,Overcoming the Scalability Challenges of Epidemic Simulations on Blue Waters,conferences,https://doi.org/10.1109/IPDPS.2014.83,
2014-05-01-scalable-black-box-prediction-models-numa.md,Scalable black-box prediction models for multi-dimensional adaptation on NUMA multi-cores,manuscripts,https://doi.org/10.1080/17445760.2014.895346,
2014-06-01-fpga-prototyping-manycore-formic.md,FPGA prototyping of emerging manycore architectures for parallel programming research using Formic boards,manuscripts,https://doi.org/10.1016/j.sysarc.2014.03.002,
2014-07-01-energy-efficiency-significance-based-computing.md,Energy Efficiency through Significance-Based Computing,manuscripts,https://doi.org/10.1109/MC.2014.182,
2014-07-01-fast-dynamic-binary-rewriting.md,Fast Dynamic Binary Rewriting for flexible thread migration on shared-ISA heterogeneous MPSoCs,conferences,https://doi.org/10.1109/SAMOS.2014.6893207,
2014-09-04-microservers-hpc.md,The Challenges and Opportunities of Micro-Servers in the HPC Ecosystem,invited,"https://www.qub.ac.uk/sites/CCDCS14/FileStore/Filetoupload,442317,en.pdf",
2014-10-01-nanostreams-advancing-hardware-software.md,NanoStreams: Advancing the hardware and software stack for real-time analytics on fast data streams,conferences,https://ieeexplore.ieee.org/abstract/document/7058143,
2014-10-01-power-capped-dvfs-thread-allocation.md,Power-capped DVFS and thread allocation with ANN models on modern NUMA systems,conferences,https://doi.org/10.1109/ICCD.2014.6974701,
2014-11-01-distributed-region-based-memory-allocation.md,Distributed region-based memory allocation and synchronization,manuscripts,https://doi.org/10.1177/1094342014552863,
2014-11-01-hybrid-address-spaces-methodology.md,Hybrid address spaces: A methodology for implementing scalable high-level programming models on non-coherent many-core architectures,manuscripts,https://doi.org/10.1016/j.jss.2014.06.058,
2014-11-01-viability-microservers-financial-analytics.md,On the Viability of Microservers for Financial Analytics,workshops,https://doi.org/10.1109/WHPCF.2014.11,
2014-11-16-e2sc.md,Proceedings of the 2nd International Workshop on Energy Efficient Supercomputing,volumes,https://dl.acm.org/doi/proceedings/10.5555/2689710,
2014-12-01-cactos-cloud-vision.md,The CACTOS Vision of Context-Aware Cloud Topology Optimization and Simulation,conferences,https://doi.org/10.1109/CloudCom.2014.62,
2014-12-10-power-modelling-capping-heterogeneous-socs.md,Power modelling and capping for heterogeneous ARM/FPGA SoCs,conferences,https://doi.org/10.1109/FPT.2014.7082782,
2015-01-01-guest-editorial-energy-efficient-computing-adaptive.md,Special Issue: Energy efficient computing with adaptive and heterogeneous architectures,volumes,,
2015-01-01-power-energy-implications-threads-xeon-phi.md,Power and Energy Implications of the Number of Threads Used on the Intel Xeon Phi. Multicore and GPU Programming,conferences,,
2015-01-01-power-energy-xeon-phi-threads.md,Power and energy implications of the number of threads used on the Intel Xeon Phi,manuscripts,,
2015-01-01-programming-managing-resources-accelerator.md,Programming and Managing Resources on Accelerator-Enabled Clusters,techreports,,
2015-01-01-realizing-accelerated-cost-effective-raid.md,Realizing Accelerated Cost-Effective Distributed RAID,bookchapters,https://doi.org/10.1007/978-1-4939-2092-1_25,
2015-01-01-tprof-energy-profiler.md,TProf: An Energy Profiler for Task-Parallel Programs,manuscripts,https://doi.org/10.1016/j.suscom.2014.07.004,
2015-02-01-significance-aware-model-conference.md,A Programming Model and Runtime System for Significance-Aware Energy-Efficient Computing,conferences,https://doi.org/10.1145/2688500.2688546,
2015-05-01-hybrid-dram-nvm-memory.md,Software-Managed Energy-Efficient Hybrid DRAM/NVM Main Memory,conferences,https://doi.org/10.1145/2742854.2742886,
2015-05-01-lightweight-tool-anomaly.md,A Lightweight Tool for Anomaly Detection in Cloud Data Centres,conferences,https://doi.org/10.5220/0005453403430351,
2015-05-01-significance-driven-hpc.md,On the Potential of Significance-Driven Execution for Energy-Aware HPC,manuscripts,https://doi.org/10.1007/s00450-014-0265-9,
2015-05-18-significance-driven-programming-framework.md,A significance-driven programming framework for energy-constrained approximate computing,conferences,https://doi.org/10.1145/2742854.2742857,
2015-06-01-hybrid-memory-datastores.md,Energy-Efficient In-Memory Data Stores on Hybrid Memory Hierarchies,workshops,https://doi.org/10.1145/2771937.2771940,
2015-07-01-energy-efficiency-byte-addressable-nvm.md,On the Energy-Efficiency of Byte-Addressable Non-Volatile Memory,manuscripts,https://doi.org/10.1109/LCA.2014.2355195,
2015-08-01-significance-aware-model-journal.md,A Programming Model and Runtime System for Significance-Aware Energy-Efficient Computing,manuscripts,https://doi.org/10.1145/2858788.2688546,
2015-08-24-automated-cloud-simulation-models.md,Towards automated data-driven model creation for cloud computing simulation,conferences,https://doi.org/10.4108/eai.24-8-2015.2261129,
2015-09-01-hybrid-dram-nvm.md,Energy-Efficient Hybrid DRAM/NVM Main Memory,conferences,https://doi.org/10.1109/PACT.2015.58,
2015-09-01-iso-quality-service-ranking-servers.md,Iso-Quality of Service: Fairly Ranking Servers for Real-Time Data Analytics,manuscripts,https://doi.org/10.1142/S0129626415410042,
2015-10-01-alea-energy-profiling.md,ALEA: Fine-Grain Energy Profiling with Basic Block Sampling,conferences,https://doi.org/10.1109/PACT.2015.16,
2015-10-01-hpmc-memory-systems.md,HpMC: An Energy-aware Management System of Multi-level Memory Architectures,conferences,https://doi.org/10.1145/2818950.2818974,
2015-10-01-openmpe-energy-awareness.md,Application-Level Energy Awareness for OpenMP,workshops,https://doi.org/10.1007/978-3-319-24595-9_16,
2015-10-20-energy-efficient-hybrid-dram-nvm-poster.md,Energy-Efficient Hybrid DRAM/NVM Main Memory: ACM Student Research Competition,posters,https://ieeexplore.ieee.org/document/7429336/,
2015-11-01-e2sc-proceedings-energy-efficient-supercomputing.md,Proceedings of the 3rd International Workshop on Energy Efficient Supercomputing,volumes,https://doi.org/10.1145/2834800,
2015-12-01-power-capping-lessons.md,"Power Capping: What Works, What Does Not",conferences,https://doi.org/10.1109/ICPADS.2015.72,
2016-01-01-energy-optimization-unreliable-hardware.md,Energy Optimization of Parallel Workloads on Unreliable Hardware,workshops,https://pureadmin.qub.ac.uk/ws/portalfiles/portal/164130712/wapco2016_3_4.pdf,
2016-01-01-mini-symposium-energy-resilience-parallel-programming.md,Proceedings of the Mini-symposium on Energy and Resilience in Parallel Programming,volumes,https://doi.org/10.3233/978-1-61499-621-7-709,
2016-01-01-performance-fault-tolerance-preconditioned-solvers.md,Performance and Fault Tolerance of Preconditioned Iterative Solvers on Low-Power ARM Architectures,conferences,https://doi.org/10.3233/978-1-61499-621-7-711,
2016-01-20-energy-optimization-parallel-programs-unreliable-hardware.md,Energy Optimization of Parallel Programs on Unreliable Hardware,workshops,https://pureadmin.qub.ac.uk/ws/portalfiles/portal/164130712/wapco2016_3_4.pdf,
2016-02-25-methods-metrics-fair-server-assessment.md,Methods and metrics for fair server assessment under real-time financial workloads,manuscripts,https://doi.org/10.1002/cpe.3704,
2016-03-01-computational-significance-resilience-keynote.md,Using Computational Significance and Resilience in System Software Stacks: Keynote Talk,keynotes,,
2016-03-01-ecoscale-exascale-runtime.md,ECOSCALE: Reconfigurable Computing and Runtime System for Future Exascale Systems,conferences,https://ieeexplore.ieee.org/document/7459398,
2016-03-01-evaluating-fault-tolerance-asymmetric-multicore.md,Evaluating fault tolerance on asymmetric multicore systems-on-chip using iso-metrics,manuscripts,https://doi.org/10.1049/iet-cdt.2015.0056,
2016-03-01-ls-adt-lightweight-scalable-anomaly-detection.md,LS-ADT: Lightweight and Scalable Anomaly Detection for Cloud Datacentres,conferences,https://doi.org/10.1007/978-3-319-29582-4_8,
2016-03-15-operator-workflow-optimization-high-performance-analytics.md,Operator and Workflow Optimization for High-Performance Analytics,workshops,https://pureadmin.qub.ac.uk/ws/portalfiles/portal/18231163/paper.pdf,
2016-03-18-scorpio-significance-based-computing-reliability.md,SCoRPiO: Significance Based Computing for Reliability and Power Optimization,posters,,
2016-04-01-low-cost-hardware-infrastructure-energy-accounting.md,Low-Cost Hardware Infrastructure for Runtime Thread Level Energy Accounting,conferences,https://doi.org/10.1007/978-3-319-30695-7_21,
2016-04-01-vineyard-accelerators.md,"The VINEYARD Approach: Versatile, Integrated, Accelerator-Based, Heterogeneous Data Centres",conferences,https://doi.org/10.1007/978-3-319-30481-6_1,
2016-05-01-twincg-dual-thread-redundancy-conjugate-gradient.md,TwinCG: Dual Thread Redundancy with Forward Recovery for Conjugate Gradient Methods,techreports,https://arxiv.org/abs/1605.04580,
2016-05-01-varsys-introduction-ipdpsw.md,Proceedings of the Workshop on Variability in Computer Systems (VarSys),volumes,https://doi.org/10.1109/IPDPSW.2016.239,
2016-05-01-vineyard-project-versatile-integrated-accelerator.md,The VINEYARD project: Versatile integrated accelerator-based heterogeneous data centres,conferences,https://doi.org/10.1109/MOCAST.2016.7495121,
2016-05-14-hpta-library-high-performance-text-analytics.md,HPTA: A Library for High-Performance Text Analytics,techreports,https://d1wqtxts1xzle7.cloudfront.net/70247627/preprint-libre.pdf?1632659357=&response-content-disposition=inline%3B+filename%3DHPTA_High_performance_text_analytics.pdf&Expires=1748459037&Signature=c7m8Uo2YcQm~X-A2mg1LdQxMFHzRsyAgLNHSmkQa3-44ohB-~LIG5Evb~0vpbTbe8~z3FLiLDveHQQIFD6ZVRL4~lDm4DanGOvRUsS7kR3DpRJDHP6SJaVcE~ZHOUQ1vpWZKXGwUqIv-vVIXdZ-roDcrAMs6nhzCmuaFnJx5FaR9a-u3Q1X-apbZFhZ2rEkB0BIRFLncIO7NIE1~bW2fKvGy3BEKcjmsqJlmcNi-gM-~3RAsOMszs6nhtDJkvYmTG8DDjtt0F2RNsUZHr3R9ExGYSFJGSAcXAHXYCRGuVcgBpU0unBdqQTTRuj4d6xhZmENgdZl5bDZDda6EAroQIw__&Key-Pair-Id=APKAJLOHF5GGSLRBV4ZA,
2016-06-01-bddt-scc-task-parallel-runtime-non-cache-coherent.md,BDDT-SCC: A Task-parallel Runtime for Non Cache-Coherent Multicores,techreports,https://arxiv.org/abs/1606.04288,
2016-06-01-myrmics-scalable-dependency-aware-task.md,"Myrmics: Scalable, Dependency-aware Task Scheduling on Heterogeneous Manycores",techreports,https://arxiv.org/abs/1606.04282,
2016-06-01-scalable-runtime-ecoscale-heterogeneous.md,A Scalable Runtime for the ECOSCALE Heterogeneous Exascale Hardware Platform,workshops,https://doi.org/10.1145/2931088.2931090,
2016-07-01-brief-announcement-energy-optimization-memory-intensive.md,Brief Announcement: Energy Optimization of Memory Intensive Parallel Workloads,conferences,https://doi.org/10.1145/2935764.2935811,
2016-07-01-nanostreams-codesigned-microservers-edge.md,NanoStreams: Codesigned microservers for edge analytics in real time,conferences,https://doi.org/10.1109/SAMOS.2016.7818346,
2016-07-01-runtime-adaptive-power-capping.md,Runtime support for adaptive power capping on heterogeneous SoCs,conferences,https://doi.org/10.1109/SAMOS.2016.7818333,
2016-08-31-energy-efficient-computing-computational-significance-keynote.md,Energy Efficient Computing using Computational Significance Abstractions: Keynote Talk at the UK-China Workshop on Shaping the Low Carbon Energy Future,keynotes,,
2016-09-01-student-poster-scalable-graph-processing.md,Student Research Poster: A Scalable General Purpose System for Large-Scale Graph Processing,posters,https://doi.org/10.1145/2967938.2971465,
2016-09-01-twinpcg-dual-thread-redundancy.md,TwinPCG: Dual Thread Redundancy with Forward Recovery for Preconditioned Conjugate Gradient Methods,workshops,https://doi.org/10.1109/CLUSTER.2016.99,
2016-09-07-edge-computing-challenges.md,Challenges and Opportunities in Edge Computing,conferences,https://doi.org/10.1109/SmartCloud.2016.18,
2016-10-01-significance-aware-approx.md,Exploiting Significance of Computations for Energy-Constrained Approximate Computing,manuscripts,https://doi.org/10.1007/s10766-016-0409-6,
2016-10-15-accelerating-datacenter-applications-reconfigurable-dataflow.md,Accelerating Data Center Applications with Reconfigurable DataFlow Engines,workshops,http://h2rc.cse.sc.edu/,
2016-12-01-big-data-availability-selective-partial-checkpointing.md,Big data availability: Selective partial checkpointing for in-memory database queries,workshops,https://doi.org/10.1109/BigData.2016.7840926,
2016-12-01-hpta-high-performance-text-analytics.md,HPTA: High-performance text analytics,workshops,https://doi.org/10.1109/BigData.2016.7840632,
2016-12-01-scalable-composable-map-reduce-system.md,A scalable and composable map-reduce system,workshops,https://doi.org/10.1109/BigData.2016.7840854,
2016-12-01-special-issue-disruptive-technologies-energy-efficient.md,Special issue on Disruptive Technologies for Energy Efficient Computing,volumes,https://doi.org/10.1016/j.suscom.2016.11.005,
2016-12-02-energy-efficient-error-resilient-server-ecosystem.md,An Energy-Efficient and Error-Resilient Server Ecosystem Exceeding Conservative Scaling Limits,workshops,https://pureadmin.qub.ac.uk/ws/portalfiles/portal/137861716/ENeSCE_2017_paper_8.pdf,
2017-01-01-edge-as-a-service.md,Edge-as-a-Service: Towards Distributed Cloud Architectures,conferences,https://doi.org/10.3233/978-1-61499-843-3-784,
2017-01-01-programming-managing-accelerator-enabled-clusters.md,Programming and Managing Resources on Accelerator-Enabled Clusters,bookchapters,https://doi.org/10.1002/9781119332015.ch20,
2017-01-23-heterogeneous-servers-programmable-cores-dataflow.md,Heterogeneous Servers based on Programmable Cores and Dataflow Engines,workshops,https://pureadmin.qub.ac.uk/ws/portalfiles/portal/123397592/HiPEAC_ESCEC_2016.pdf,
2017-03-01-alea-energy-profiling.md,ALEA: A Fine-Grained Energy Profiling Tool,manuscripts,https://doi.org/10.1145/3050436,
2017-04-01-myminder-intercloud-migration.md,MyMinder: A User-centric Decision Making Framework for Intercloud Migration,conferences,https://doi.org/10.5220/0006355905880595,
2017-04-07-managed-acceleration-inmemory-database-workloads.md,Managed acceleration for In-Memory database analytic workloads,manuscripts,https://doi.org/10.1080/17445760.2016.1170832,
2017-05-01-dependency-aware-rollback-checkpoint-restart.md,Dependency-Aware Rollback and Checkpoint-Restart for Distributed Task-Based Runtimes,techreports,https://arxiv.org/abs/1705.10208,
2017-06-01-graphgrind-load-imbalance.md,GraphGrind: Addressing Load Imbalance of Graph Partitioning,conferences,https://doi.org/10.1145/3079079.3079097,
2017-07-01-access-aware-dram-failure-rate.md,Access-aware DRAM failure-rate estimation under relaxed refresh operations,conferences,https://doi.org/10.1109/SAMOS.2017.8344643,
2017-07-01-dram-refresh-stencil.md,Relaxing DRAM Refresh Rate through Access Pattern Scheduling: A Case Study on Stencil-Based Algorithms,conferences,https://doi.org/10.1109/IOLTS.2017.8046197,
2017-08-01-graph-analytics-locality.md,Accelerating Graph Analytics by Utilising the Memory Locality of Graph Partitioning,conferences,https://doi.org/10.1109/ICPP.2017.27,
2017-09-01-energy-efficiency-armv8-microservers.md,Energy Efficiency in ARMv8-based Microservers by Hardware Margins Identification,conferences,https://pure.qub.ac.uk/en/publications/energy-efficiency-in-armv8-based-microservers-by-hardware-margins,
2017-09-01-incremental-training-deep-cnns.md,Incremental Training of Deep Convolutional Neural Networks,workshops,https://arxiv.org/abs/1803.10232,
2017-09-01-reliability-aware-system-software-arm.md,Reliability-Aware System Software Support on ARM Microservers,conferences,https://pure.qub.ac.uk/en/publications/reliability-aware-system-software-support-on-arm-microservers,
2017-09-01-taxonomy-task-based-technologies-hpc.md,A Taxonomy of Task-Based Technologies for High Performance Computing,conferences,https://doi.org/10.1007/978-3-319-78054-2_25,
2017-10-01-gvirtus-gpu-remoting.md,On the Virtualization of CUDA Based GPU Remoting on ARM and X86 Machines in the GVirtuS Framework,manuscripts,https://doi.org/10.1007/s10766-016-0462-1,
2017-11-01-energy-efficient-transprecision-techniques.md,Energy-Efficient Transprecision Techniques for Iterative Refinement,posters,https://pureadmin.qub.ac.uk/ws/portalfiles/portal/135660665/sc_poster_draft_final.pdf,
2017-11-01-refine-fault-injection.md,"REFINE: Realistic Fault Injection via Compiler-Based Instrumentation for Accuracy, Portability and Speed",conferences,https://doi.org/10.1145/3126908.3126972,
2017-11-02-fish-fraud-reims.md,A Real Time Metabolomic Profiling Approach to Detecting Fish Fraud Using Rapid Evaporative Ionisation Mass Spectrometry,manuscripts,https://doi.org/10.1007/s11306-017-1291-y,
2017-12-01-error-resilient-server-ecosystems.md,Error-Resilient Server Ecosystems for Edge and Cloud Datacenters,manuscripts,https://doi.org/10.1109/MC.2017.4451208,
2017-12-01-fairgv-gpu-virtualization.md,FairGV: Fair and Fast GPU Virtualization,manuscripts,https://doi.org/10.1109/TPDS.2017.2717908,
2017-12-01-scalo-parallelism-orchestration.md,SCALO: Scalability-Aware Parallelism Orchestration for Multi-Threaded Workloads,manuscripts,https://doi.org/10.1145/3158643,
2018-01-01-dare-data-access-aware-refresh.md,DARE: Data-Access Aware Refresh via spatial-temporal application resilience on commodity servers,manuscripts,https://doi.org/10.1177/1094342017718612,
2018-01-01-docker-swarm-user-centric-decision-framework.md,Using Docker Swarm with a User-Centric Decision-Making Framework for Cloud Application Migration,conferences,https://doi.org/10.1007/978-3-319-94959-8_5,
2018-01-01-minisymposium-edge-computing.md,Proceedings of the MiniSymposium on Edge Computing,volumes,https://ebooks.iospress.nl/pdf/doi/10.3233/978-1-61499-843-3-783,
2018-01-01-power-modelling-heterogeneous-cloud-edge.md,Power Modelling for Heterogeneous Cloud-Edge Data Centers,conferences,https://doi.org/10.3233/978-1-61499-843-3-804,
2018-02-01-new-approaches-memory-reliability-big-data.md,New Approaches to Memory Reliability Management for Big Data Workloads,invited,,
2018-03-01-energy-efficient-server-ecosystem.md,An Energy-Efficient and Error-Resilient Server Ecosystem Exceeding Conservative Scaling Limits,conferences,https://doi.org/10.23919/DATE.2018.8342175,
2018-03-01-incremental-training-cnn.md,Incremental Training of Deep Convolutional Neural Networks,techreports,https://arxiv.org/abs/1803.10232,
2018-03-01-taxonomy-task-based-technologies-hpc.md,A Taxonomy of Task-Based Technologies for High-Performance Computing,conferences,https://doi.org/10.1007/978-3-319-78054-2_25,
2018-03-01-transprecision-computing.md,"The Transprecision Computing Paradigm: Concept, Design, and Applications",conferences,https://doi.org/10.23919/DATE.2018.8342176,
2018-04-01-task-taxonomy-hpc.md,A Taxonomy of Task-Based Parallel Programming Technologies for High-Performance Computing,manuscripts,https://doi.org/10.1007/s11227-018-2238-4,
2018-04-01-welcome-general-chairs-ispass.md,Proceedings of the IEEE International Symposium on Performance Analysis of Systems and Software (ISPASS),volumes,https://doi.org/10.1109/ISPASS.2018.00005,
2018-05-01-intra-node-gpu-coscheduling.md,Intra-Node Memory Safe GPU Co-Scheduling,manuscripts,https://doi.org/10.1109/TPDS.2017.2784428,
2018-06-01-energy-efficient-localised-rollback.md,Energy-efficient localised rollback after failures via data flow analysis,techreports,https://arxiv.org/abs/1806.01611,
2018-06-01-gpu-virtualization-survey.md,GPU Virtualization and Scheduling Methods: A Comprehensive Survey,manuscripts,https://doi.org/10.1145/3068281,
2018-06-01-vebo-vertex-edge-balanced-ordering.md,VEBO: A Vertex-and Edge-Balanced Ordering Heuristic to Load Balance Parallel Graph Processing,techreports,https://arxiv.org/abs/1806.06576,
2018-07-01-characterization-hpc-workloads-armv8.md,Characterization of HPC workloads on an ARMv8 based server under relaxed DRAM refresh and thermal stress,conferences,https://doi.org/10.1145/3229631.3236091,
2018-07-01-dram-characterization-relaxed-refresh.md,DRAM Characterization under Relaxed Refresh Period Considering System Level Effects within a Commodity Server,conferences,https://doi.org/10.1109/IOLTS.2018.8474184,
2018-07-01-minimization-timing-failures-pipelined-designs.md,Minimization of Timing Failures in Pipelined Designs via Path Shaping and Operand Truncation,conferences,https://doi.org/10.1109/IOLTS.2018.8474084,
2018-07-01-nanostreams-microserver-architecture.md,NanoStreams: A Microserver Architecture for Real-Time Analytics on Fast Data Streams,manuscripts,https://doi.org/10.1109/TMSCS.2017.2764087,
2018-07-01-vineyard-integrated-framework-accelerators.md,The VINEYARD integrated framework for hardware accelerators in the cloud,conferences,https://doi.org/10.1145/3229631.3236093,
2018-07-23-variation-aware-pipelined-cores.md,Variation-Aware Pipelined Cores through Path Shaping and Dynamic Cycle Adjustment: Case Study on a Floating-Point Unit,conferences,https://doi.org/10.1145/3218603.3218617,
2018-09-01-expediting-database-performance-respiratory.md,Expediting assessments of database performance for streams of respiratory parameters,manuscripts,https://doi.org/10.1016/j.compbiomed.2018.05.028,
2018-09-01-supporting-cloud-iaas-performance-violation-detection.md,Supporting Cloud IaaS Users in Detecting Performance-Based Violation for Streaming Applications,conferences,https://doi.org/10.1109/ICAC.2018.00027,
2018-09-24-energy-efficient-localised-rollback.md,Energy-efficient localised rollback via data flow analysis and frequency scaling,conferences,https://doi.org/10.1145/3236367.3236379,
2018-10-01-cluster18-proceedings.md,Proceedings: 2018 IEEE International Conference on Cluster Computing (CLUSTER),volumes,https://ieeexplore.ieee.org/xpl/conhome/8511027/proceeding,
2018-11-01-rads-real-time-anomaly-detection.md,RADS: Real-time Anomaly Detection System for Cloud Data Centres,techreports,https://arxiv.org/abs/1811.04481,
2018-11-01-rads-realtime-anomaly.md,RADS: Real-time Anomaly Detection System for Cloud Data Centres,techreports,https://arxiv.org/abs/1811.04481,
2018-12-01-code-data-transformations-garbage-collector.md,Code and Data Transformations to Address Garbage Collector Performance in Big Data Processing,conferences,https://doi.org/10.1109/HiPC.2018.00040,
2018-12-01-dynamic-precision-refinement.md,Energy-Efficient Iterative Refinement Using Dynamic Precision,manuscripts,https://doi.org/10.1109/JETCAS.2018.2850665,
2018-12-01-userspace-hypervisor-data-characterization.md,Userspace Hypervisor Data Characterization in Virtualized Environment,conferences,https://doi.org/10.1109/PADSW.2018.8644612,
2019-01-01-bio-inspired-growth-computational-design.md,Bio-Inspired Growth: Introducing Emergence into Computational Design,conferences,https://doi.org/10.3233/ATDE190067,
2019-01-01-design-gene-representations-emergent-design.md,Design Gene Representations for Emergent Innovative Design,conferences,https://doi.org/10.3233/ATDE190068,
2019-01-01-shimmer-heterogeneous-reliability-dram.md,Shimmer: Implementing a Heterogeneous-Reliability DRAM Framework on a Commodity Server,manuscripts,https://doi.org/10.1109/LCA.2019.2893189,
2019-01-01-smartmaas-framework-smart-manufacturing.md,SmartMaaS: A Framework for Smart Manufacturing-as-a-Service,conferences,https://doi.org/10.3233/ATDE190005,
2019-02-16-vebo-balanced-ordering-heuristic.md,VEBO: a vertex- and edge-balanced ordering heuristic to load balance parallel graph processing,conferences,https://doi.org/10.1145/3293883.3295703,
2019-03-01-significance-driven-data-truncation.md,Significance-Driven Data Truncation for Preventing Timing Failures,manuscripts,https://doi.org/10.1109/TDMR.2019.2898949,
2019-05-01-safire-fault-injection.md,SAFIRE: Scalable and Accurate Fault Injection for Parallel Multithreaded Applications,conferences,https://doi.org/10.1109/IPDPS.2019.00097,
2019-07-01-tapas-accuracy-predictor.md,TAPAS: Train-Less Accuracy Predictor for Architecture Search,conferences,https://doi.org/10.1609/aaai.v33i01.33013927,
2019-09-01-implementing-efficient-message-logging.md,Implementing efficient message logging protocols as MPI application extensions,conferences,https://doi.org/10.1145/3343211.3343219,
2019-11-01-fast-energy-efficient-olap-hybrid-memory.md,Fast and Energy-Efficient OLAP Data Management on Hybrid Main Memory Systems,manuscripts,https://doi.org/10.1109/TC.2019.2919287,
2019-11-01-hyperqueues-deterministic-concurrent-queues.md,Hyperqueues: Design and Implementation of Deterministic Concurrent Queues,manuscripts,https://doi.org/10.1145/3365660,
2019-11-01-workload-aware-dram-errors.md,Workload-Aware DRAM Error Prediction using Machine Learning,conferences,https://doi.org/10.1109/IISWC47752.2019.9041963,
2020-01-01-droidlight-intrusion-detection.md,DroidLight: Lightweight Anomaly-Based Intrusion Detection System for Smartphone Devices,conferences,https://doi.org/10.1145/3369740.3369796,
2020-01-01-fast-load-balance-parallel-graph-analytics.md,Fast load balance parallel graph analytics with an automatic graph data structure selection algorithm,manuscripts,https://doi.org/10.1016/j.future.2020.06.005,
2020-01-01-feasibility-fog-computing.md,Feasibility of Fog Computing,bookchapters,https://doi.org/10.1007/978-3-030-43795-4_5,
2020-02-01-dyverse-edge-scaling.md,DYVERSE: DYnamic VERtical Scaling in Multi-Tenant Edge Environments,manuscripts,https://doi.org/10.1016/j.future.2020.02.043,
2020-03-01-harmony-qos-energy.md,HaRMony: Heterogeneous-Reliability Memory and QoS-Aware Energy Management on Virtualized Servers,conferences,https://doi.org/10.1145/3373376.3378489,
2020-03-09-defcon-failure-prone-instruction-sequences.md,DEFCON: Generating and Detecting Failure-prone Instruction Sequences via Stochastic Search,conferences,https://doi.org/10.23919/DATE48585.2020.9116363,
2020-05-01-cross-architectural-power-modelling.md,Cross Architectural Power Modelling,conferences,https://doi.org/10.1109/CCGrid49817.2020.00-54,
2020-05-01-fast-analysis-prediction-vm-resource-utilisation.md,Fast Analysis and Prediction in Large Scale Virtual Machines Resource Utilisation,conferences,https://doi.org/10.5220/0009408701150126,
2020-07-01-riann-real-time-incremental-learning.md,RIANN: Real-time Incremental Learning with Approximate Nearest Neighbor on Mobile Devices,conferences,https://www.usenix.org/conference/opml20/presentation/liu,
2020-08-01-air-iterative-refinement-acceleration.md,AIR: Iterative refinement acceleration using arbitrary dynamic precision,manuscripts,https://doi.org/10.1016/j.parco.2020.102663,
2020-10-01-dstress-dram-viruses.md,DStress: Automatic Synthesis of DRAM Reliability Stress Viruses using Genetic Algorithms,conferences,https://doi.org/10.1109/MICRO50266.2020.00035,
2020-11-01-enorm-edge-resource-management.md,ENORM: A Framework For Edge NOde Resource Management,manuscripts,https://doi.org/10.1109/TSC.2017.2753775,
2021-02-01-linear-regression-ddos-attack-detection.md,Linear Regression Based DDoS Attack Detection,conferences,https://doi.org/10.1145/3457682.3457769,
2021-08-01-deployment-use-accelerators-duac-2021.md,Proceedings of the Workshop on Deployment and Use of Accelerators (DUAC),volumes,https://dl.acm.org/doi/proceedings/10.1145/3458744,
2021-11-01-revealing-dram-operating-guardbands.md,Revealing DRAM Operating GuardBands Through Workload-Aware Error Predictive Modeling,manuscripts,https://doi.org/10.1109/TC.2020.3033627,
2022-03-01-fpga-multitasking.md,"Efficient, Dynamic Multi-Task Execution on FPGA-Based Computing Systems",manuscripts,https://doi.org/10.1109/TPDS.2021.3101153,
2022-03-01-mixed-precision-kernel-recursive-least-squares.md,Mixed-Precision Kernel Recursive Least Squares,manuscripts,https://doi.org/10.1109/TNNLS.2020.3041677,
2022-05-01-gshare-gpu-memory.md,gShare: A centralized GPU memory management framework to enable GPU memory sharing for containers,manuscripts,https://doi.org/10.1016/j.future.2021.12.016,
2022-05-16-efficient-deep-learning-serverless.md,On Realizing Efficient Deep Learning Using Serverless Computing,conferences,https://doi.org/10.1109/CCGrid54584.2022.00031,
2022-06-01-power-log-roll-localized-rollback.md,Power Log'n'Roll: Power-Efficient Localized Rollback for MPI Applications Using Message Logging Protocols,manuscripts,https://doi.org/10.1109/TPDS.2021.3107745,
2022-08-01-message-2nd-duac-organizing-committee.md,Proceedings of the International Workshop on Deployment and Use of Accelerators,volumes,https://dl.acm.org/doi/proceedings/10.1145/3547276,
2023-01-01-auto-scaling-edge-cloud-network-slicing.md,Auto-scaling edge cloud for network slicing,manuscripts,https://doi.org/10.3389/fhpcp.2023.1167162,
2023-01-01-hotinfra-fine-grain-slicing.md,Fine-Grain Slicing of Edge Cloud Servers for Radio Workloads,workshops,https://hotinfra23.github.io/papers/hotinfra23-paper18.pdf,
2023-01-01-punching-holes-cloud-serverless-functions.md,Punching Holes in the Cloud: Direct Communication Between Serverless Functions,bookchapters,https://doi.org/10.1007/978-3-031-26633-1_2,
2023-06-01-decentralised-biomedical-signal-classification.md,Decentralised Biomedical Signal Classification using Early Exits,conferences,https://doi.org/10.1109/NEWCAS57931.2023.10198098,
2023-08-01-3rd-duac-workshop-organizing-committee.md,Proceedings of the International Workshop on Deployment and Use of Accelerators,volumes,https://dl.acm.org/doi/proceedings/10.1145/3605731,
2023-09-01-persistent-memory-stateful-serverless-computing.md,Towards Persistent Memory based Stateful Serverless Computing for Big Data Applications,techreports,https://arxiv.org/abs/2309.01662,
2024-02-01-efficient-python-interpreter-tiered-memory.md,Towards Efficient Python Interpreter for Tiered Memory Systems,conferences,https://par.nsf.gov/servlets/purl/10495376,
2024-03-01-parallel-islands-educational-video-game.md,Parallel Islands: A Parallel Computing Educational Video Game,conferences,https://dl.acm.org/doi/abs/10.1145/3626253.3635591,
2024-04-01-robust-optimal-joint-deployment-ric.md,On Robust Optimal Joint Deployment and Assignment of RAN Intelligent Controllers in O-RANs,manuscripts,https://doi.org/10.1109/OJCOMS.2024.3383607,
2024-05-01-application-attuned-memory-management.md,Application-Attuned Memory Management for Containerized HPC Workflows,conferences,https://doi.org/10.1109/IPDPS57955.2024.00019,
2024-05-01-framefeedback-closed-loop-control-system.md,FrameFeedback: A Closed-Loop Control System for Dynamic Offloading Real-Time Edge Inference,workshops,https://doi.org/10.1109/IPDPSW63119.2024.00116,
2024-10-01-tuning-fast-memory-page-migration.md,Tuning Fast Memory Size based on Modeling of Page Migration for Tiered Memory,techreports,https://arxiv.org/abs/2410.00328,
2024-11-01-parvagpu-efficient-spatial-gpu-sharing.md,ParvaGPU: Efficient Spatial GPU Sharing for Large-Scale DNN Inference in Cloud Environments,conferences,https://doi.org/10.1109/SC41406.2024.00048,
2025-01-01-parallel-cpu-gpu-execution-llm-inference.md,Parallel CPU-GPU Execution for LLM Inference on Constrained GPUs,techreports,https://arxiv.org/abs/2506.03296,
2025-01-01-sled-speculative-llm-decoding.md,SLED: A Speculative LLM Decoding Framework for Efficient Edge Serving,techreports,https://arxiv.org/abs/2506.09397,
2025-04-11-hired-attention-token-dropping.md,HiRED: Attention-Guided Token Dropping for Efficient Inference of High-Resolution Vision-Language Models,conferences,https://doi.org/10.1609/aaai.v39i2.32171,
2025-05-01-marco.md,MARCO: Multi-Agent Code Optimization with Real-Time Knowledge Integration for High-Performance Computing,techreports,https://arxiv.org/abs/2505.03906,
2025-07-01-polymorph-arxiv-techreport.md,Polymorph: Energy-Efficient Multi-Label Classification for Video Streams on Embedded Devices,techreports,https://arxiv.org/abs/2507.14959,
2025-07-09-marvel-risc-v-extensions.md,MARVEL: An End-to-End Framework for Generating Model-Class Aware Custom RISC-V Extensions for Lightweight AI,manuscripts,https://arxiv.org/abs/2508.01800,
2025-10-01-vmil-memory-tiering-python.md,Memory Tiering in the Python Virtual Machine,workshops,https://doi.org/10.1145/3759548.3763372,
2025-11-01-diffpro-joint-timestep-and-layer-wise-precision-optimization-for-efficient-diffusion-inference.md,DiffPro: Joint Timestep and Layer-Wise Precision Optimization for Efficient Diffusion Inference,posters,https://sc25.supercomputing.org/proceedings/posters/poster_files/post198s2-file3.pdf,
2025-11-01-divide-conquer-and-denoise-hybrid-parallel-diffusion-with-memory-aware-coarse-to-fine-inference.md,"Divide, Conquer, and Denoise: Hybrid Parallel Diffusion with Memory-Aware Coarse-to-Fine Inference",posters,https://sc25.supercomputing.org/proceedings/posters/poster_files/post246s2-file3.pdf,
2025-11-01-energy-efficient-multimodal-llm-inference-stage-level-characterization-and-input-aware-controls.md,Energy-Efficient Multimodal LLM Inference: Stage-Level Characterization and Input-Aware Controls,posters,https://sc25.supercomputing.org/proceedings/posters/poster_files/post286s2-file3.pdf,
2025-11-01-hydracache-long-context-prefill-parallelization-via-distributed-cache-blending.md,HydraCache: Long-Context Prefill Parallelization via Distributed Cache Blending,posters,https://sc25.supercomputing.org/proceedings/posters/poster_files/post304s2-file3.pdf,
2025-11-18-polymorph-wacv.md,Polymorph: Energy-Efficient Multi-Label Classification for Video Streams on Embedded Devices,conferences,https://arxiv.org/abs/2507.14959,
2025-11-20-diffpro-arxiv.md,DiffPro: Joint Timestep and Layer-Wise Precision Optimization for Efficient Diffusion Inference,techreports,https://arxiv.org/abs/2511.11446,
2025-12-01-sled-speculative-llm-decoding.md,SLED: A Speculative LLM Decoding Framework for Efficient Edge Serving,conferences,https://doi.org/10.1145/3769102.3770608,
2025-12-23-apex-ipdps.md,APEX: Asynchronous Parallel CPU-GPU Execution for Online LLM Inference on Constrained GPUs,conferences,https://arxiv.org/abs/2506.03296,
2025-12-23-dllm.md,Taming the Memory Footprint Crisis: System Design for Production Diffusion LLM Serving,techreports,https://arxiv.org/abs/2512.17077,
2026-01-23-wisp.md,WISP: Waste- and Interference-Suppressed Distributed Speculative LLM Serving at the Edge via Dynamic Drafting and SLO-Aware Batching,techreports,https://arxiv.org/abs/2601.11652,
2026-02-16-marco-capwic.md,MARCO: Multi-Agent Code Optimization for High-Performance Computing,conferences,https://arxiv.org/abs/2505.03906,
2026-03-04-fan-dllm-serve-ics.md,dLLM-Serve: Bridging the Memory Gap in Diffusion Language Model Serving,conferences,https://arxiv.org/abs/2512.17077,
2026-03-04-moghadampanah-modality-inflation-iwapt.md,Modality Inflation: Energy Characterization and Optimization Opportunities for MLLM Inference,workshops,https://arxiv.org/abs/2512.22695,
2026-04-29-fact-arxiv-techreport.md,FACT: Compositional Kernel Synthesis with a Three-Stage Agentic Workflow,techreports,https://arxiv.org/abs/2604.26666,
2026-06-01-configspec-tdis.md,ConfigSpec: Profiling-Based Configuration Selection for Distributed Edge-Cloud Speculative LLM Serving,workshops,,
2026-06-01-wisp-sigmetrics.md,WISP: Waste- and Interference-Suppressed Distributed Speculative LLM Serving at the Edge via Dynamic Drafting and SLO-Aware Batching,manuscripts,https://arxiv.org/abs/2601.11652,
